[
    {
        "type": "message",
        "user": "U03UK39GQ",
        "text": "<@U03UGJEMV>: do you have any unmigrated work still in <https:\/\/github.com\/FirstToDisclose\/firsttodisclose.noah> ?",
        "attachments": [
            {
                "service_name": "GitHub",
                "title": "FirstToDisclose\/firsttodisclose.noah",
                "title_link": "https:\/\/github.com\/FirstToDisclose\/firsttodisclose.noah",
                "text": "Contribute to firsttodisclose.noah development by creating an account on GitHub.",
                "fallback": "GitHub: FirstToDisclose\/firsttodisclose.noah",
                "thumb_url": "https:\/\/avatars0.githubusercontent.com\/u\/11137042?v=3&s=400",
                "from_url": "https:\/\/github.com\/FirstToDisclose\/firsttodisclose.noah",
                "thumb_width": 420,
                "thumb_height": 420,
                "id": 1
            }
        ],
        "ts": "1426549778.000002"
    },
    {
        "type": "message",
        "user": "U03UK39GQ",
        "text": "nm; using the other organization",
        "ts": "1426549798.000004"
    }
]