[
    {
        "type": "message",
        "subtype": "file_share",
        "text": "<@U03UK52QG|dazza> uploaded a file: <https:\/\/firsttodisclose.slack.com\/files\/dazza\/F042GPL6M\/accesstab-mit_openid_connect_pilot_-_edit_a_dynamically_registered_client.pdf|AccessTab-MIT OpenID Connect Pilot - Edit a Dynamically Registered Client.pdf>",
        "file": {
            "id": "F042GPL6M",
            "created": 1426638102,
            "timestamp": 1426638102,
            "name": "AccessTab-MIT OpenID Connect Pilot - Edit a Dynamically Registered Client.pdf",
            "title": "AccessTab-MIT OpenID Connect Pilot - Edit a Dynamically Registered Client.pdf",
            "mimetype": "application\/pdf",
            "filetype": "pdf",
            "pretty_type": "PDF",
            "user": "U03UK52QG",
            "editable": false,
            "size": 42249,
            "mode": "hosted",
            "is_external": false,
            "external_type": "",
            "is_public": true,
            "public_url_shared": false,
            "display_as_bot": false,
            "username": "",
            "url": "https:\/\/slack-files.com\/files-pub\/T03UK39GN-F042GPL6M-56f90dfca4\/accesstab-mit_openid_connect_pilot_-_edit_a_dynamically_registered_client.pdf",
            "url_download": "https:\/\/slack-files.com\/files-pub\/T03UK39GN-F042GPL6M-56f90dfca4\/download\/accesstab-mit_openid_connect_pilot_-_edit_a_dynamically_registered_client.pdf",
            "url_private": "https:\/\/files.slack.com\/files-pri\/T03UK39GN-F042GPL6M\/accesstab-mit_openid_connect_pilot_-_edit_a_dynamically_registered_client.pdf",
            "url_private_download": "https:\/\/files.slack.com\/files-pri\/T03UK39GN-F042GPL6M\/download\/accesstab-mit_openid_connect_pilot_-_edit_a_dynamically_registered_client.pdf",
            "permalink": "https:\/\/firsttodisclose.slack.com\/files\/dazza\/F042GPL6M\/accesstab-mit_openid_connect_pilot_-_edit_a_dynamically_registered_client.pdf",
            "permalink_public": "https:\/\/slack-files.com\/T03UK39GN-F042GPL6M-56f90dfca4",
            "channels": [
                "C03UK39GW"
            ],
            "groups": [],
            "ims": [],
            "comments_count": 0
        },
        "user": "U03UK52QG",
        "upload": true,
        "display_as_bot": false,
        "username": "<@U03UK52QG|dazza>",
        "bot_id": null,
        "ts": "1426638103.000002"
    }
]