[
    {
        "user": "U03UK39GQ",
        "type": "message",
        "subtype": "channel_join",
        "text": "<@U03UK39GQ|jwalsh> has joined the channel",
        "ts": "1425842009.000000"
    },
    {
        "user": "U03UGJEMV",
        "type": "message",
        "subtype": "channel_join",
        "text": "<@U03UGJEMV|noah-teshu> has joined the channel",
        "ts": "1425842310.000002"
    },
    {
        "type": "message",
        "user": "U03UK39GQ",
        "text": "<@U03UGJEMV>: this was the CSRF requirement you'll need:",
        "ts": "1425842391.000003"
    },
    {
        "type": "message",
        "user": "U03UK39GQ",
        "text": "<mailto:chang.liu.entrepreneur@gmail.com|chang.liu.entrepreneur@gmail.com>",
        "ts": "1425842392.000004"
    },
    {
        "type": "message",
        "user": "U03UK39GQ",
        "text": "<https:\/\/docs.djangoproject.com\/en\/1.7\/intro\/tutorial04\/>",
        "ts": "1425842409.000005"
    },
    {
        "type": "message",
        "user": "U03UK39GQ",
        "text": "i.e., {% csrf_token %}",
        "ts": "1425842418.000006"
    },
    {
        "user": "U03UK52QG",
        "type": "message",
        "subtype": "channel_join",
        "text": "<@U03UK52QG|dazza> has joined the channel",
        "ts": "1425842734.000007"
    },
    {
        "type": "message",
        "user": "U03UK52QG",
        "text": "Glad to have a slack space but...for some of us the proliferating number of slack teams may become difficult to manage and being invited to another team for every project hosted and started at the media lab is sort of the opposite of how slack is intended to be used.  Any objection to just creating a FirstToDisclose channel on an existing OpenCollab Slack team we set up to support these sorts of projects?  It's just <http:\/\/opencollab.slack.com|opencollab.slack.com> and I suppose the channel would just be \"firsttodisclose\"  (could make it a private channel if there are sensitivities)",
        "ts": "1425842983.000008"
    },
    {
        "type": "message",
        "user": "U03UK52QG",
        "text": "update to thinking -- if setup of this slack space represents willingness to sort of lead\/maintaining\/advance the project then it would be good to launch an independent team.  thinking out \"loud\" here...",
        "ts": "1425843332.000009"
    },
    {
        "type": "message",
        "user": "U03UK39GQ",
        "text": "would be fine with opencollab",
        "ts": "1425843499.000010"
    },
    {
        "type": "message",
        "user": "U03UK39GQ",
        "text": "i think we could keep it open",
        "ts": "1425843511.000011"
    },
    {
        "type": "message",
        "user": "U03UK39GQ",
        "text": "setting it up now then will remove this channel",
        "ts": "1425843532.000012"
    },
    {
        "type": "message",
        "user": "U03UK52QG",
        "text": "ok.  just to confirm - you want me to invite you and the team to the \"opencollab\" team and push our slack chat to a new channel there called \"firsttodisclose\" right?",
        "ts": "1425843600.000013"
    },
    {
        "type": "message",
        "user": "U03UK52QG",
        "text": "might be wise to keep this \"team\" called \"FirstToDisclose\" up and not remove it.  If the project takes off, then people (us, other, whomever) will probably want a slack team by the same name as the project.  I think there is a way to export content from one channel and import to another (or they are working on that at slack-central).",
        "ts": "1425843698.000014"
    },
    {
        "type": "message",
        "user": "U03UK39GQ",
        "text": "yes: that sounds good",
        "ts": "1425843924.000015"
    },
    {
        "type": "message",
        "user": "U03UK52QG",
        "text": "k",
        "ts": "1425843928.000016"
    },
    {
        "type": "message",
        "user": "U03UK39GQ",
        "text": "will keep this team around but work out of opencollab",
        "ts": "1425843987.000017"
    },
    {
        "type": "message",
        "user": "U03UK52QG",
        "text": "perfect",
        "ts": "1425843997.000018"
    },
    {
        "type": "message",
        "user": "U03UK39GQ",
        "text": "<@U03UGJEMV>: will work on the disclosure form while you work on the agreements form",
        "ts": "1425844134.000019"
    },
    {
        "user": "U03UJC4J7",
        "type": "message",
        "subtype": "channel_join",
        "text": "<@U03UJC4J7|changliu> has joined the channel",
        "ts": "1425862631.000000"
    }
]