[
    {
        "type": "message",
        "user": "U03UK39GQ",
        "text": "The collaboration scoring POC mapping of test hangouts will be in <https:\/\/docs.google.com\/spreadsheets\/d\/1TLCIL6FiLtNUSUDxD2U07quNHqDTLob2lOJ8VILxXlA\/edit#gid=0>",
        "ts": "1435687592.000002"
    },
    {
        "type": "message",
        "subtype": "file_share",
        "text": "<@U03UK39GQ|jwalsh> shared a file: <https:\/\/firsttodisclose.slack.com\/files\/jwalsh\/F071N1HUK\/hangoutcollaborationscoring-sheet1|Hangout Collaboration Scoring>",
        "file": {
            "id": "F071N1HUK",
            "created": 1435687601,
            "timestamp": 1435687601,
            "name": "HangoutCollaborationScoring-Sheet1",
            "title": "Hangout Collaboration Scoring",
            "mimetype": "application\/vnd.google-apps.spreadsheet",
            "filetype": "gsheet",
            "pretty_type": "GDocs Spreadsheet",
            "user": "U03UK39GQ",
            "editable": false,
            "size": 106,
            "mode": "external",
            "is_external": true,
            "external_type": "gdrive",
            "is_public": true,
            "public_url_shared": false,
            "display_as_bot": false,
            "username": "",
            "url": "https:\/\/docs.google.com\/spreadsheets\/d\/1TLCIL6FiLtNUSUDxD2U07quNHqDTLob2lOJ8VILxXlA\/edit?usp=drivesdk",
            "url_private": "https:\/\/docs.google.com\/spreadsheets\/d\/1TLCIL6FiLtNUSUDxD2U07quNHqDTLob2lOJ8VILxXlA\/edit?usp=drivesdk",
            "thumb_64": "https:\/\/slack.global.ssl.fastly.net\/272a\/img\/files\/gsheet_64.png",
            "thumb_360": "https:\/\/slack.global.ssl.fastly.net\/35fd\/img\/files\/gsheet_360.png",
            "thumb_360_w": 360,
            "thumb_360_h": 167,
            "permalink": "https:\/\/firsttodisclose.slack.com\/files\/jwalsh\/F071N1HUK\/hangoutcollaborationscoring-sheet1",
            "channels": [
                "C03UK39GW"
            ],
            "groups": [],
            "ims": [],
            "comments_count": 0
        },
        "user": "U03UK39GQ",
        "upload": false,
        "display_as_bot": false,
        "username": "<@U03UK39GQ|jwalsh>",
        "bot_id": null,
        "ts": "1435687601.000003"
    },
    {
        "text": "<@U03UK39GQ|jwalsh> has started a Google+ Hangout for this channel. <https:\/\/plus.google.com\/hangouts\/_\/g5gziavhfxoyp6xd6r4gnzpugya|Click here to join>.",
        "username": "hangouts",
        "bot_id": "B04K0JRK0",
        "type": "message",
        "subtype": "bot_message",
        "ts": "1435687629.000004"
    },
    {
        "type": "message",
        "user": "U03UK39GQ",
        "text": "moving the Hangouts scoring to another thread",
        "ts": "1435687737.000005"
    }
]