[
    {
        "id": "C03UK39GW",
        "name": "general",
        "created": "1425842009",
        "creator": "U03UK39GQ",
        "is_archived": false,
        "is_general": true,
        "members": [
            "U03UGJEMV",
            "U03UJC4J7",
            "U03UK39GQ",
            "U03UK52QG"
        ],
        "topic": {
            "value": "",
            "creator": "",
            "last_set": "0"
        },
        "purpose": {
            "value": "This channel is for team-wide communication and announcements. All team members are in this channel.",
            "creator": "",
            "last_set": "0"
        }
    },
    {
        "id": "C071N3TFY",
        "name": "hangouts",
        "created": "1435687841",
        "creator": "U03UK39GQ",
        "is_archived": false,
        "is_general": false,
        "members": [
            "U03UK39GQ"
        ],
        "topic": {
            "value": "",
            "creator": "",
            "last_set": "0"
        },
        "purpose": {
            "value": "",
            "creator": "",
            "last_set": "0"
        }
    },
    {
        "id": "C03UK39GY",
        "name": "random",
        "created": "1425842009",
        "creator": "U03UK39GQ",
        "is_archived": false,
        "is_general": false,
        "members": [
            "U03UGJEMV",
            "U03UJC4J7",
            "U03UK39GQ",
            "U03UK52QG"
        ],
        "topic": {
            "value": "",
            "creator": "",
            "last_set": "0"
        },
        "purpose": {
            "value": "A place for non-work banter, links, articles of interest, humor or anything else which you'd like concentrated in some place other than work-related channels.",
            "creator": "",
            "last_set": "0"
        }
    },
    {
        "id": "C03UGM6N9",
        "name": "tagsonomy",
        "created": "1425843442",
        "creator": "U03UK52QG",
        "is_archived": false,
        "is_general": false,
        "members": [
            "U03UJC4J7",
            "U03UK52QG"
        ],
        "topic": {
            "value": "",
            "creator": "",
            "last_set": "0"
        },
        "purpose": {
            "value": "to discuss, define, design and develop a delightful deployment... of tagsonomy!",
            "creator": "U03UK52QG",
            "last_set": "1425843442"
        }
    }
]