[
    {
        "id": "U03UJC4J7",
        "name": "changliu",
        "deleted": false,
        "status": null,
        "color": "3c989f",
        "real_name": "Chang Liu",
        "tz": "America\/Indiana\/Indianapolis",
        "tz_label": "Eastern Daylight Time",
        "tz_offset": -14400,
        "profile": {
            "first_name": "Chang",
            "last_name": "Liu",
            "real_name": "Chang Liu",
            "real_name_normalized": "Chang Liu",
            "email": "chang.liu.entrepreneur@gmail.com",
            "image_24": "https:\/\/secure.gravatar.com\/avatar\/04509b08e8b40798c48dec04f3d1a0d4.jpg?s=24&d=https%3A%2F%2Fslack.global.ssl.fastly.net%2F3654%2Fimg%2Favatars%2Fava_0005-24.png",
            "image_32": "https:\/\/secure.gravatar.com\/avatar\/04509b08e8b40798c48dec04f3d1a0d4.jpg?s=32&d=https%3A%2F%2Fslack.global.ssl.fastly.net%2F3654%2Fimg%2Favatars%2Fava_0005-32.png",
            "image_48": "https:\/\/secure.gravatar.com\/avatar\/04509b08e8b40798c48dec04f3d1a0d4.jpg?s=48&d=https%3A%2F%2Fslack.global.ssl.fastly.net%2F3654%2Fimg%2Favatars%2Fava_0005-48.png",
            "image_72": "https:\/\/secure.gravatar.com\/avatar\/04509b08e8b40798c48dec04f3d1a0d4.jpg?s=72&d=https%3A%2F%2Fslack.global.ssl.fastly.net%2F3654%2Fimg%2Favatars%2Fava_0005-72.png",
            "image_192": "https:\/\/secure.gravatar.com\/avatar\/04509b08e8b40798c48dec04f3d1a0d4.jpg?s=192&d=https%3A%2F%2Fslack.global.ssl.fastly.net%2F3654%2Fimg%2Favatars%2Fava_0005.png"
        },
        "is_admin": false,
        "is_owner": false,
        "is_primary_owner": false,
        "is_restricted": false,
        "is_ultra_restricted": false,
        "is_bot": false
    },
    {
        "id": "U03UK52QG",
        "name": "dazza",
        "deleted": false,
        "status": null,
        "color": "e7392d",
        "real_name": "",
        "tz": "America\/Indiana\/Indianapolis",
        "tz_label": "Eastern Daylight Time",
        "tz_offset": -14400,
        "profile": {
            "real_name": "",
            "real_name_normalized": "",
            "email": "dazza@civics.com",
            "image_24": "https:\/\/secure.gravatar.com\/avatar\/1956432847c48813887c5568e790c0f2.jpg?s=24&d=https%3A%2F%2Fslack.global.ssl.fastly.net%2F3654%2Fimg%2Favatars%2Fava_0005-24.png",
            "image_32": "https:\/\/secure.gravatar.com\/avatar\/1956432847c48813887c5568e790c0f2.jpg?s=32&d=https%3A%2F%2Fslack.global.ssl.fastly.net%2F3654%2Fimg%2Favatars%2Fava_0005-32.png",
            "image_48": "https:\/\/secure.gravatar.com\/avatar\/1956432847c48813887c5568e790c0f2.jpg?s=48&d=https%3A%2F%2Fslack.global.ssl.fastly.net%2F3654%2Fimg%2Favatars%2Fava_0005-48.png",
            "image_72": "https:\/\/secure.gravatar.com\/avatar\/1956432847c48813887c5568e790c0f2.jpg?s=72&d=https%3A%2F%2Fslack.global.ssl.fastly.net%2F3654%2Fimg%2Favatars%2Fava_0005-72.png",
            "image_192": "https:\/\/secure.gravatar.com\/avatar\/1956432847c48813887c5568e790c0f2.jpg?s=192&d=https%3A%2F%2Fslack.global.ssl.fastly.net%2F3654%2Fimg%2Favatars%2Fava_0005.png"
        },
        "is_admin": false,
        "is_owner": false,
        "is_primary_owner": false,
        "is_restricted": false,
        "is_ultra_restricted": false,
        "is_bot": false
    },
    {
        "id": "U03UK39GQ",
        "name": "jwalsh",
        "deleted": false,
        "status": null,
        "color": "9f69e7",
        "real_name": "Jason Walsh",
        "tz": "America\/Indiana\/Indianapolis",
        "tz_label": "Eastern Daylight Time",
        "tz_offset": -14400,
        "profile": {
            "first_name": "Jason",
            "last_name": "Walsh",
            "real_name": "Jason Walsh",
            "real_name_normalized": "Jason Walsh",
            "email": "jasonwalsh@gmail.com",
            "image_24": "https:\/\/secure.gravatar.com\/avatar\/8d404a0c3f08438b6c285b0edffd9336.jpg?s=24&d=https%3A%2F%2Fslack.global.ssl.fastly.net%2F3654%2Fimg%2Favatars%2Fava_0004-24.png",
            "image_32": "https:\/\/secure.gravatar.com\/avatar\/8d404a0c3f08438b6c285b0edffd9336.jpg?s=32&d=https%3A%2F%2Fslack.global.ssl.fastly.net%2F3654%2Fimg%2Favatars%2Fava_0004-32.png",
            "image_48": "https:\/\/secure.gravatar.com\/avatar\/8d404a0c3f08438b6c285b0edffd9336.jpg?s=48&d=https%3A%2F%2Fslack.global.ssl.fastly.net%2F3654%2Fimg%2Favatars%2Fava_0004-48.png",
            "image_72": "https:\/\/secure.gravatar.com\/avatar\/8d404a0c3f08438b6c285b0edffd9336.jpg?s=72&d=https%3A%2F%2Fslack.global.ssl.fastly.net%2F3654%2Fimg%2Favatars%2Fava_0004-72.png",
            "image_192": "https:\/\/secure.gravatar.com\/avatar\/8d404a0c3f08438b6c285b0edffd9336.jpg?s=192&d=https%3A%2F%2Fslack.global.ssl.fastly.net%2F3654%2Fimg%2Favatars%2Fava_0004.png"
        },
        "is_admin": true,
        "is_owner": true,
        "is_primary_owner": true,
        "is_restricted": false,
        "is_ultra_restricted": false,
        "is_bot": false
    },
    {
        "id": "U03UGJEMV",
        "name": "noah-teshu",
        "deleted": false,
        "status": null,
        "color": "4bbe2e",
        "real_name": "",
        "tz": "America\/Indiana\/Indianapolis",
        "tz_label": "Eastern Daylight Time",
        "tz_offset": -14400,
        "profile": {
            "real_name": "",
            "real_name_normalized": "",
            "email": "nteshu@gmail.com",
            "image_24": "https:\/\/secure.gravatar.com\/avatar\/fc616e2a32092bc19e234cc960e98c5a.jpg?s=24&d=https%3A%2F%2Fslack.global.ssl.fastly.net%2F3654%2Fimg%2Favatars%2Fava_0019-24.png",
            "image_32": "https:\/\/secure.gravatar.com\/avatar\/fc616e2a32092bc19e234cc960e98c5a.jpg?s=32&d=https%3A%2F%2Fslack.global.ssl.fastly.net%2F272a%2Fimg%2Favatars%2Fava_0019-32.png",
            "image_48": "https:\/\/secure.gravatar.com\/avatar\/fc616e2a32092bc19e234cc960e98c5a.jpg?s=48&d=https%3A%2F%2Fslack.global.ssl.fastly.net%2F272a%2Fimg%2Favatars%2Fava_0019-48.png",
            "image_72": "https:\/\/secure.gravatar.com\/avatar\/fc616e2a32092bc19e234cc960e98c5a.jpg?s=72&d=https%3A%2F%2Fslack.global.ssl.fastly.net%2F3654%2Fimg%2Favatars%2Fava_0019-72.png",
            "image_192": "https:\/\/secure.gravatar.com\/avatar\/fc616e2a32092bc19e234cc960e98c5a.jpg?s=192&d=https%3A%2F%2Fslack.global.ssl.fastly.net%2F3654%2Fimg%2Favatars%2Fava_0019.png"
        },
        "is_admin": false,
        "is_owner": false,
        "is_primary_owner": false,
        "is_restricted": false,
        "is_ultra_restricted": false,
        "is_bot": false
    }
]