[
    {
        "user": "U03UK39GQ",
        "type": "message",
        "subtype": "channel_join",
        "text": "<@U03UK39GQ|jwalsh> has joined the channel",
        "ts": "1425842009.000000"
    },
    {
        "user": "U03UGJEMV",
        "type": "message",
        "subtype": "channel_join",
        "text": "<@U03UGJEMV|noah-teshu> has joined the channel",
        "ts": "1425842310.000002"
    },
    {
        "user": "U03UK52QG",
        "type": "message",
        "subtype": "channel_join",
        "text": "<@U03UK52QG|dazza> has joined the channel",
        "ts": "1425842734.000003"
    },
    {
        "user": "U03UJC4J7",
        "type": "message",
        "subtype": "channel_join",
        "text": "<@U03UJC4J7|changliu> has joined the channel",
        "ts": "1425862631.000000"
    }
]