[
    {
        "user": "U03UK52QG",
        "type": "message",
        "subtype": "channel_join",
        "text": "<@U03UK52QG|dazza> has joined the channel",
        "ts": "1425843441.000002"
    },
    {
        "user": "U03UK52QG",
        "purpose": "to discuss, define, design and develop a delightful deployment... of tagsonomy!",
        "type": "message",
        "subtype": "channel_purpose",
        "text": "<@U03UK52QG|dazza> set the channel purpose: to discuss, define, design and develop a delightful deployment... of tagsonomy!",
        "ts": "1425843442.000003"
    },
    {
        "user": "U03UJC4J7",
        "type": "message",
        "subtype": "channel_join",
        "text": "<@U03UJC4J7|changliu> has joined the channel",
        "ts": "1425862696.000002"
    }
]