[
    {
        "type": "message",
        "subtype": "file_share",
        "text": "<@U03UK52QG|dazza> uploaded a file: <https:\/\/firsttodisclose.slack.com\/files\/dazza\/F042GPL7B\/credentialtab-mit_openid_connect_pilot_-_edit_a_dynamically_registered_client.pdf|CredentialTab-MIT OpenID Connect Pilot - Edit a Dynamically Registered Client.pdf>",
        "file": {
            "id": "F042GPL7B",
            "created": 1426638104,
            "timestamp": 1426638104,
            "name": "CredentialTab-MIT OpenID Connect Pilot - Edit a Dynamically Registered Client.pdf",
            "title": "CredentialTab-MIT OpenID Connect Pilot - Edit a Dynamically Registered Client.pdf",
            "mimetype": "application\/pdf",
            "filetype": "pdf",
            "pretty_type": "PDF",
            "user": "U03UK52QG",
            "editable": false,
            "size": 30987,
            "mode": "hosted",
            "is_external": false,
            "external_type": "",
            "is_public": true,
            "public_url_shared": false,
            "display_as_bot": false,
            "username": "",
            "url": "https:\/\/slack-files.com\/files-pub\/T03UK39GN-F042GPL7B-ee0ab97d3a\/credentialtab-mit_openid_connect_pilot_-_edit_a_dynamically_registered_client.pdf",
            "url_download": "https:\/\/slack-files.com\/files-pub\/T03UK39GN-F042GPL7B-ee0ab97d3a\/download\/credentialtab-mit_openid_connect_pilot_-_edit_a_dynamically_registered_client.pdf",
            "url_private": "https:\/\/files.slack.com\/files-pri\/T03UK39GN-F042GPL7B\/credentialtab-mit_openid_connect_pilot_-_edit_a_dynamically_registered_client.pdf",
            "url_private_download": "https:\/\/files.slack.com\/files-pri\/T03UK39GN-F042GPL7B\/download\/credentialtab-mit_openid_connect_pilot_-_edit_a_dynamically_registered_client.pdf",
            "permalink": "https:\/\/firsttodisclose.slack.com\/files\/dazza\/F042GPL7B\/credentialtab-mit_openid_connect_pilot_-_edit_a_dynamically_registered_client.pdf",
            "permalink_public": "https:\/\/slack-files.com\/T03UK39GN-F042GPL7B-ee0ab97d3a",
            "channels": [
                "C03UGM6N9"
            ],
            "groups": [],
            "ims": [],
            "comments_count": 0
        },
        "user": "U03UK52QG",
        "upload": true,
        "display_as_bot": false,
        "username": "<@U03UK52QG|dazza>",
        "bot_id": null,
        "ts": "1426638105.000002"
    }
]